<?xml version="1.0" encoding="UTF-8"?>
<project-private xmlns="http://www.netbeans.org/ns/project-private/1">
    <editor-bookmarks xmlns="http://www.netbeans.org/ns/editor-bookmarks/2" lastBookmarkId="0"/>
    <open-files xmlns="http://www.netbeans.org/ns/projectui-open-files/2">
        <group>
            <file>file:/E:/workspace_tra/MCGILL%20COURSES/Fall2022/754-WebService/Netbeans/Assignment3_NB/RestService_A3_2ndClient/src/java/com/mcgill/cccs425/a3/FruitTotalController.java</file>
            <file>file:/E:/workspace_tra/MCGILL%20COURSES/Fall2022/754-WebService/Netbeans/Assignment3_NB/RestService_A3_2ndClient/src/java/com/mcgill/cccs425/a3/Fruit.java</file>
        </group>
    </open-files>
</project-private>
